﻿<?xml version="1.0" encoding="UTF-8"?>
<root>
  <item name="BattleConfig" md5="9612b7507815e3f50d4ea38a769fffbb" />
  <item name="BattleFieldOverviewModeExtra" md5="df43d535c8a365c412d61f10538a0dfc" />
  <item name="Document" md5="084f06d6004ab91abe14316f62787896" />
  <item name="EquipModeExtra" md5="97553a2cbc7498f0e139558b2e60f315" />
  <item name="GuideModeExtra" md5="77b4c95722a8f3d6e3c14f10b27813f6" />
  <item name="LoadRes_Preload" md5="b79576f75c4429af35fd0032c020de2f" />
  <item name="SingleSurvivalModeExtra" md5="af3da4cd668aec4c49523b36809e0de6" />
  <version name="702.1" />
</root>